{
  "epoch": 10,
  "train": {
    "loss": 0.7597802847623825,
    "mean_dice": 0.8551731074341103,
    "pixel": {
      "bubble_heatmap": {
        "dice": 0.753481193416863,
        "mse": 0.007711354573257267
      },
      "marker_heatmap": {
        "dice": 0.8394570601258196,
        "mse": 0.012179763646175464
      },
      "page_mask": {
        "dice": 0.9947203800582447,
        "mse": 0.020181064462910094
      },
      "red_grid_mask": {
        "dice": 0.8330337961355139,
        "mse": 0.010449001550053556
      }
    }
  },
  "val": {
    "loss": 0.7438259673118591,
    "mean_dice": 0.8550765134660938,
    "pixel": {
      "bubble_heatmap": {
        "dice": 0.7418462840960174,
        "mse": 0.006946320496499538
      },
      "marker_heatmap": {
        "dice": 0.8435647556003858,
        "mse": 0.01047228667885065
      },
      "page_mask": {
        "dice": 0.996273045919299,
        "mse": 0.01643401525914669
      },
      "red_grid_mask": {
        "dice": 0.8386219682486729,
        "mse": 0.009706997498869895
      }
    }
  }
}
