{
  "epoch": 30,
  "train": {
    "loss": 0.41835993975400926,
    "mean_dice": 0.8277565591169794,
    "pixel": {
      "bubble_heatmap": {
        "dice": 0.7708639212926158,
        "mse": 0.002189966628793627
      },
      "marker_heatmap": {
        "dice": 0.660156330309533,
        "mse": 0.00017747387331231343
      },
      "page_mask": {
        "dice": 0.9987989364359614,
        "mse": 0.0022881133530366546
      },
      "red_grid_mask": {
        "dice": 0.8812070484298075,
        "mse": 0.006430724348562459
      }
    }
  },
  "val": {
    "loss": 0.41609216928482057,
    "mean_dice": 0.8274788614201825,
    "pixel": {
      "bubble_heatmap": {
        "dice": 0.774100678964137,
        "mse": 0.0022128888592123984
      },
      "marker_heatmap": {
        "dice": 0.6663488527948677,
        "mse": 0.00017739111790433527
      },
      "page_mask": {
        "dice": 0.998364373040229,
        "mse": 0.0027569257747381924
      },
      "red_grid_mask": {
        "dice": 0.8711015408814958,
        "mse": 0.007375002093613148
      }
    }
  }
}
