{
  "epoch": 44,
  "train": {
    "loss": 0.3200015499478295,
    "mean_dice": 0.8628046703133072,
    "pixel": {
      "bubble_heatmap": {
        "dice": 0.7855302162878495,
        "mse": 0.0019720409520059116
      },
      "marker_heatmap": {
        "dice": 0.7633100437326027,
        "mse": 0.0001179238242565632
      },
      "page_mask": {
        "dice": 0.9993340303157128,
        "mse": 0.0008675027472019706
      },
      "red_grid_mask": {
        "dice": 0.9030443909170639,
        "mse": 0.00519088486797132
      }
    }
  },
  "val": {
    "loss": 0.3314378617491041,
    "mean_dice": 0.8617343860278319,
    "pixel": {
      "bubble_heatmap": {
        "dice": 0.7892224095667247,
        "mse": 0.002026677243411541
      },
      "marker_heatmap": {
        "dice": 0.7650807593502709,
        "mse": 0.00011695367550211293
      },
      "page_mask": {
        "dice": 0.9992714124635494,
        "mse": 0.0009569185952256833
      },
      "red_grid_mask": {
        "dice": 0.8933629627307829,
        "mse": 0.006380195718790804
      }
    }
  }
}
