{
  "epoch": 50,
  "train": {
    "loss": 0.31734513427530014,
    "mean_dice": 0.8648249316717308,
    "pixel": {
      "bubble_heatmap": {
        "dice": 0.7882389184592914,
        "mse": 0.0019200118812954141
      },
      "marker_heatmap": {
        "dice": 0.7633813105056085,
        "mse": 0.00011829383635943356
      },
      "page_mask": {
        "dice": 0.9993744150167446,
        "mse": 0.0008163542086203094
      },
      "red_grid_mask": {
        "dice": 0.9083050827052784,
        "mse": 0.004767970114924191
      }
    }
  },
  "val": {
    "loss": 0.3319879162311554,
    "mean_dice": 0.8502570131061222,
    "pixel": {
      "bubble_heatmap": {
        "dice": 0.7699896173080613,
        "mse": 0.002188010762578675
      },
      "marker_heatmap": {
        "dice": 0.7455666504519203,
        "mse": 0.00012485876762574272
      },
      "page_mask": {
        "dice": 0.9992940323365292,
        "mse": 0.0009134853298642805
      },
      "red_grid_mask": {
        "dice": 0.8861777523279782,
        "mse": 0.006874924499009337
      }
    }
  }
}
